batch_number,global_electric_energy_lhv_consumption,process_energy_gas_lhv_consumption,process_energy_heatpump_lhv_consumption,process_energy_cogeneration_lhv_consumption,global_thermal_energy_lhv_consumption,created_at,updated_at,deleted_at
C23C1001,24.61254473,200.5192782,206.4161012,0.0,406.9353794,,,
C23C1002,47.89962105,254.7961031,243.768027,0.0,498.5641301,,,
C23C1003,53.15675273865415,219.5690141,195.42723,0.0,414.9962441,,,
C23C1004,46.24107164541591,257.6188525,218.3834244,0.0,476.0022769,,,
C23C1005,53.99582977425259,227.302166,196.0829774,0.0,423.3851434,,,
C23C1006,46.118791125867794,266.8881678,218.8496831,0.0,485.7378509,,,
C23C1007,53.75763126131563,245.6016898,210.6988533,0.0,456.3005432,,,
C23C1008,46.507892662219525,250.4649788,214.6182535,0.0,465.0832323,,,
C23C1009,54.35656383628589,270.6047648,212.1652413,0.0,482.7700061,,,
C23C1010,45.452012323414486,246.8818756,197.7781785,0.0,444.6600541,,,
C23C1011,53.649755114693114,255.0283633,218.0123993,0.0,473.0407626,,,
C23C1012,45.91681818181818,252.6968182,195.7918182,0.0,448.4886364,,,
C23C1013,53.04309595202399,249.6413793,194.6491754,0.0,444.2905547,,,
C23C1014,54.59871923427529,275.6540565,193.7526588,0.0,469.4067153,,,
C23C1015,46.752136791022146,258.8598726,188.233849,0.0,447.0937216,,,
C23C1016,51.70876311844078,228.1655172,185.5745127,0.0,413.74003,,,
C23C1017,44.50319001803968,243.9376127,195.3869513,0.0,439.324564,,,
C23C1018,48.537297821545806,210.8607878,181.4762757,0.0,392.3370636,,,
C23C1019,45.49057564798071,272.5687161,211.1265823,0.0,483.6952984,,,
C23C1020,49.28261904761905,242.3625,188.6666667,0.0,431.0291667,,,
C23C1021,46.3945259799453,254.2055606,203.532361,0.0,457.7379216,,,
C23C1022,52.43201492537313,223.6835821,189.54,0.0,413.2235821,,,
C23C1023,34.456538461538464,264.5778462,192.792,0.0,457.3698462,,,
C23C1024,55.28182274247492,291.1783217,174.6333232,0.0,465.8116449,,,
C23C1025,58.248601419278536,265.2990834,183.867534,0.0,449.1666174,,,
C23C1026,54.08748815165876,286.5564277,186.1018957,0.0,472.6583235,,,
C23C1027,49.526804262984086,294.6534074,206.7487241,0.0,501.4021315,,,
C23C1028,55.05800357568533,257.1463051,182.5268176,0.0,439.6731228,,,
C23C1029,48.98417689314576,284.2919784,195.5603113,0.0,479.8522897,,,
C23C1030,52.724042329630734,227.0723506,162.7439207,0.0,389.8162714,,,
C23C1031,51.25029519730805,301.82487,219.6956256,0.0,521.5204956,,,
C23C1032,59.67863856149894,299.4900272,159.4681173,0.0,458.9581445,,,
C23C1033,50.98919664268585,243.3615108,191.6306954,0.0,434.9922062,,,
C23C1034,56.80462025316456,228.0244123,191.4972875,0.0,419.5216998,,,
C23C1035,51.22593107617896,238.6945284,197.8295042,0.0,436.5240326,,,
C23C1036,60.15581932130846,319.0749006,153.3173341,0.0,472.3922348,,,
C23C1037,49.71437368262571,320.504065,149.0948509,0.0,469.598916,,,
C23C1038,58.01240863787375,337.2268197,142.589852,0.0,479.8166717,,,
C23C1039,52.843348680171886,355.3245856,164.3707796,0.0,519.6953653,,,
C23C1040,60.32121736490589,308.7090164,162.3072253,0.0,471.0162417,,,
C23C1041,52.914483235927406,374.7457705,117.4284835,0.0,492.1742541,,,
C23C1042,45.7100378214826,264.9975794,190.6807867,0.0,455.6783661,,,
C23C1043,54.759013459773634,302.0148363,245.4769043,0.0,547.4917406,,,
C23C1044,75.23069363272839,250.9660105,197.3152876,0.0,448.2812981,,,
C23C1045,50.34542944785276,302.3406442,233.0668712,0.0,535.4075153,,,
C23C1046,60.3993709825528,267.8898072,211.3783287,0.0,479.2681359,,,
C23C1047,51.503897520167314,267.4858082,211.0684195,0.0,478.5542277,,,
C23C1048,58.22988105992171,253.1558266,214.6115628,0.0,467.7673893,,,
C23C1049,50.86215974537739,262.2481055,222.769324,0.0,485.0174295,,,
C23C1050,59.65845078979344,258.6556804,218.5160996,0.0,477.1717801,,,
C23C1051,56.051484224082415,296.037991,226.1146169,0.0,522.1526079,,,
C23C1052,60.81770335651648,256.9504082,216.9824614,0.0,473.9328697,,,
C23C1053,53.148599026467906,256.7820201,236.6656526,0.0,493.4476726,,,
C23C1054,59.72983401601761,250.0970532,217.1058263,0.0,467.2028795,,,
C23C1055,51.98788403157256,282.9754098,229.7996357,0.0,512.7750455,,,
C23C1056,60.03584362759868,135.7755348,167.5037662,183.7902983,487.0695993,,,
C23C1057,50.010449101796404,58.28847305,132.5149701,308.3832335,499.1866766,,,
C23C1058,52.45113485851896,33.14990969,125.4403974,301.0234798,459.6137869,,,
C23C1059,52.011283618581906,58.48762225,155.7481663,320.9046455,535.140434,,,
C23C1060,52.808170731707314,43.19862805,146.8292683,332.3170732,522.3449695,,,
C23C1061,50.50373857404022,67.01325411,129.7599025,292.5045704,489.277727,,,
C23C1062,54.70244471744471,47.2997543,148.0436118,316.3390663,511.6824324,,,
C23C1063,51.18302812595536,44.5515133,145.1060838,311.8312443,501.4888413,,,
C23C1064,54.87909353173398,45.13392044,136.8666869,315.8214394,497.8220468,,,
C23C1065,47.98972830981687,52.32482738,141.0045032,306.21435,499.5436806,,,
C23C1066,57.43101837672282,96.01883614,82.74425727,306.2787136,485.041807,,,
C23C1067,51.16260180995475,83.39321267,130.9912519,322.775264,537.1597285,,,
C23C1068,55.38982310250983,24.59963713,141.29,323.0,488.8896371,,,
C23C1069,51.62137055065409,61.52692425,143.573167,328.5670824,533.6671737,,,
C23C1070,54.59465978128797,42.06652491,108.2706561,315.9173755,466.2545565,,,
C23C1071,53.73121326870645,154.795365,19.35595274,330.2029688,504.3542866,,,
C23C1072,56.462341162300504,134.0108401,1.302017465,307.1364047,442.4492623,,,
C23C1073,50.3981673665267,139.9764547,1.457708458,317.9364127,459.3705759,,,
C23C1074,55.21362232779097,28.05685867,140.3444181,311.7577197,480.1589964,,,
C23C1075,49.55420048455482,47.26771654,133.2247123,296.7898243,477.2822532,,,
C23C1076,56.76909776704888,32.01191913,157.2341581,310.8026554,500.0487326,,,
C23C1077,52.309355083459785,37.25371775,131.231563,297.4203338,465.9056146,,,
C23C1078,55.555950060901345,53.57795371,110.7865408,313.6419001,478.0063946,,,
C23C1079,53.08617413845685,48.10430009,148.4083562,317.1698689,513.6825252,,,
C23C1080,55.164866989117286,40.01707981,126.8681983,308.3434099,475.228688,,,
C23C1081,53.827818015824704,61.51415094,152.6984175,301.2781497,515.4907182,,,
C23C1082,70.08745901639345,69.91120219,126.0245902,318.7613843,514.6971767,,,
C23C1083,53.20631522734208,54.57674702,134.0872749,308.2087275,496.8727495,,,
C23C1084,41.52305336567616,32.29275318,128.7522741,303.2140691,464.2590964,,,
C23C1085,54.426950464396285,91.96439628,200.1383901,346.749226,638.8520124,,,
C23C1086,55.78239408716854,70.4405669,168.1206949,246.8759525,485.4372143,,,
C23C1087,48.4683942717855,61.11608775,146.2288239,322.9737965,530.3187081,,,
C23C1088,54.55115641103365,46.40087905,155.6762655,297.0597151,499.1368597,,,
C23C1089,56.637298850574716,74.01584343,145.8045977,316.8685927,536.6890339,,,
C23C1090,47.55046518792359,73.40018484,141.2292052,314.232902,528.8622921,,,
C23C1091,62.12774643521388,125.3806572,132.900186,306.8815871,565.1624303,,,
C23C1092,56.51589887640449,64.02353477,174.6194959,331.0051625,569.6481931,,,
C23C1093,44.34713517665131,171.8958525,56.01290323,322.5806452,550.4894009,,,
C23C1094,56.30349315068493,122.8136986,103.7077626,319.6347032,546.1561644,,,
C23C1095,56.657661870503595,112.6524281,89.12529976,314.7482014,516.5259293,,,
C23C1096,54.64708133971292,48.96441388,129.6088517,322.9665072,501.5397727,,,
C23C1097,50.96781296907835,61.8017112,135.6484539,315.2206545,512.6708196,,,
C23C1098,-5.537438803263826,48.51269266,161.2728921,317.3164098,527.1019946,,,
C23C1099,49.77496983408748,60.63257919,133.2850679,310.7088989,504.626546,,,
C23C1100,45.64605039465695,44.6489071,141.9887675,309.6539162,496.2915908,,,
C23C1101,51.06494230185241,85.64758579,138.0230793,312.7846948,536.4553599,,,
C23C1102,52.80191729323308,71.5006015,133.9789474,306.7669173,512.2464662,,,
C23C1103,48.54315347721822,59.10296763,89.09352518,272.7817746,420.9782674,,,
C23C1104,51.40793689320388,38.9695085,154.1398665,342.8398058,535.9491808,,,
C23C1105,49.7139156626506,53.65165663,107.564759,334.3373494,495.5537651,,,
C23C1106,51.38156488549618,72.40259542,127.1880916,262.5954198,462.1861069,,,
C23C1107,49.14064903846154,80.73497596,90.23798077,366.5865385,537.5594952,,,
C23C1108,36.89293435712135,12.59078591,90.42818428,367.3592291,470.3781993,,,
C23C1109,46.99432100636557,185.3211579,112.0163686,257.6538345,554.991361,,,
C23C1110,63.76003793626707,31.44264036,159.8694992,306.5250379,497.8371775,,,
C23C1111,-346.5212326869806,86.29778393,155.7710065,313.9427516,556.011542,,,
C23C1112,,69.99326187,147.1222052,303.2159265,520.3313936,,,
C23C1113,444.540785123967,78.31404959,110.4187328,312.2130395,500.9458219,,,
C23C1114,,61.14451673,159.3317844,300.4956629,520.9719641,,,
C23C1115,50.454467401285584,64.8815427,103.2157943,315.2739516,483.3712886,,,
C23C1116,50.881664636003656,73.48720682,116.1772769,298.5074627,488.1719464,,,
C23C1117,49.41350637522769,80.18579235,105.6985428,306.6180935,492.5024287,,,
C23C1118,49.818155974460325,51.57692308,126.1498936,301.0033445,478.7301611,,,
C23C1119,48.62285474519378,52.99755874,109.0418065,353.9823009,516.0216662,,,
C23C1120,50.65836874051593,63.23080425,111.7086495,257.9666161,432.9060698,,,
C23C1121,50.70708737864077,87.86195388,105.9475121,300.3640777,494.1735437,,,
C23C1122,49.801297515713856,91.97590542,72.49895241,293.3253517,457.8002095,,,
C23C1123,48.437649804275814,57.71815718,109.2285456,304.1252635,471.0719663,,,
C23C1124,49.92828493647912,59.51406534,131.6273442,305.5051422,496.6465517,,,
C23C1125,48.109051593323215,50.8861912,104.2512898,306.5250379,461.662519,,,
C23C1126,48.126809290953545,90.91045232,141.6949878,323.9608802,556.5663203,,,
C23C1127,49.309188562596596,61.90803709,104.3697063,293.6630603,459.9408037,,,
C23C1128,50.90489703210176,66.0745003,133.0793459,269.533616,468.6874621,,,
C23C1129,49.23804414003044,27.75753425,131.7488584,343.9878234,503.4942161,,,
C23C1130,49.37860233200369,71.77355017,205.6584842,309.9110156,587.34305,,,
C23C1131,38.05249164895232,81.56164592,82.01032493,288.4907379,452.0627088,,,
C23C1132,50.57056842426089,92.52224931,72.99359951,295.6415727,461.1574215,,,
C23C1133,56.88287042591482,63.95020996,94.46970606,320.9358128,479.3557289,,,
C23C1134,49.26243902439025,46.32256098,162.5567073,301.8292683,510.7085366,,,
C23C1135,48.68109778317643,76.21849377,125.7771029,309.7479502,511.7435469,,,
C23C1136,53.217120838471025,68.27681874,182.5536375,311.3440197,562.174476,,,
C23C1137,49.33227745487917,153.6194555,77.77607831,312.0220251,543.4175589,,,
C23C1138,49.49346153846154,234.7061538,32.83076923,273.8461538,541.3830769,,,
C23C1139,51.80555214723926,252.9400307,4.174233129,315.9509202,573.065184,,,
C23C1140,51.67018234753294,232.1851057,3.938706712,288.0784554,524.2022679,,,
C23C1141,50.1074584103512,229.9574861,6.39125077,323.4750462,559.8237831,,,
C23C1142,49.9326320582878,83.95628415,144.273224,303.5822708,531.811779,,,
C23C1143,49.688325198291636,63.30613179,191.6766321,323.3679073,578.3506711,,,
C23C1144,51.32031383302864,73.16270567,175.1956124,304.6922608,553.0505789,,,
C23C1145,47.50138220054861,40.78802194,184.086559,310.880829,535.7554099,,,
C23C1146,50.27507455731594,106.4580615,203.5973905,316.8685927,626.9240447,,,
C23C1147,48.70513782542113,60.35650842,170.4591118,284.8392037,515.6548239,,,
C23C1148,44.13608564535585,26.15591074,188.3648975,289.5054282,504.0262364,,,
C23C1149,45.94267356881851,83.04582826,222.3447016,304.5066991,609.897229,,,
C23C1150,49.96841375150784,60.3958082,173.7506031,298.5524729,532.6988842,,,
C23C1151,50.79726880394575,93.67324291,207.0468557,323.674476,624.3945746,,,
C23C1152,51.37481762917933,64.36504559,178.4826748,300.9118541,543.7595745,,,
C23C1153,47.76665316531653,24.65616562,184.1188119,294.0294029,502.8043804,,,
C23C1154,48.73884260682447,56.09299109,184.5521057,276.6676914,517.3127882,,,
C23C1155,49.66081047381546,36.16692643,155.1695761,286.7830424,478.1195449,,,
C23C1156,49.63099757428744,58.49727107,178.6082474,300.1819284,537.2874469,,,
C23C1157,46.98963103552991,45.8882478,161.221986,291.5274825,498.6377164,,,
C23C1158,51.7809508644222,42.41082803,159.4722475,300.2729754,502.156051,,,
C23C1159,50.14386924718073,45.67753734,193.4739409,292.5937214,531.7451996,,,
C23C1160,49.96142967542504,49.33446677,173.7542504,296.7542504,519.8429675,,,
C23C1161,49.35054748941318,57.13475499,200.0635209,317.6043557,574.8026316,,,
C23C1162,50.85318181818182,31.61454545,187.9636364,272.7272727,492.3054545,,,
C23C1163,46.82269230769231,41.46369231,172.4123077,307.6923077,521.5683077,,,
C23C1164,48.50313317479192,57.68802021,175.3180737,291.3198573,524.3259512,,,
C23C1165,47.60781092312259,26.26669635,168.3392698,279.0145444,473.6205105,,,
C23C1166,53.735,107.4146679,135.2337023,316.7281673,559.3765375,,,
C23C1167,48.74557401812689,49.24848943,138.1413897,287.0090634,474.3989426,,,
C23C1168,52.568536771437294,50.37610619,139.5324992,350.9307293,540.8393348,,,
C23C1169,49.133355754857995,74.3529148,121.161136,269.058296,464.5723468,,,
C23C1170,49.76780680437424,70.23663426,125.7736938,297.691373,493.7017011,,,
C23C1171,49.85435866983373,75.28948931,131.2030879,299.8812352,506.3738124,,,
C23C1172,48.40298059429957,35.9331413,135.9102486,266.8283808,438.6717708,,,
C23C1173,46.14387713109935,23.03042328,164.8148148,311.5814227,499.4266608,,,
C23C1174,47.654187289948055,40.35013749,145.6553621,287.198289,473.2037886,,,
C23C1175,47.57506632499246,48.92613808,133.4805547,313.536328,495.9430208,,,
C23C1176,55.47536979969183,50.01171032,126.8067797,320.4930663,497.3115562,,,
C23C1177,48.612443609022556,94.53518797,128.2887218,312.7819549,535.6058647,,,
C23C1178,44.14898836853382,63.26584022,129.8686869,250.9947964,444.1293235,,,
C23C1179,46.85364913329348,50.38897191,141.0543933,307.8302451,499.2736103,,,
C23C1180,47.734395405078594,36.04353083,165.7605804,302.2974607,504.1015719,,,
C23C1181,47.07810189359784,41.21956718,126.0631199,306.5825068,473.8651939,,,
C23C1182,47.77591877091573,44.52357773,114.3090964,264.6790386,423.5117128,,,
C23C1183,45.699555052790345,73.30859729,83.65791855,298.6425339,455.6090498,,,
C23C1184,48.47554462934947,91.72511346,92.3827534,332.8290469,516.9369138,,,
C23C1185,50.206168437025795,107.1122914,102.3050076,315.629742,525.047041,,,
C23C1186,51.83321153253161,91.14893617,148.3487512,323.7742831,563.2719704,,,
C23C1187,47.87931486880466,49.99985423,117.0425656,268.2215743,435.2639942,,,
C23C1188,50.8024687785562,22.47806884,152.5056351,274.1395065,449.1232105,,,
C23C1189,48.641194163192374,81.64726027,118.2156045,300.7742704,500.6371352,,,
C23C1190,48.02158536585366,39.94847561,140.7731707,274.3902439,455.1118902,,,
C23C1191,45.40829796640141,104.2015915,114.1043324,318.3023873,536.6083112,,,
C23C1192,49.50170644391408,55.94928401,137.7756563,286.3961814,480.1211217,,,
C23C1193,46.06309285924184,120.9578313,74.24272701,299.7355275,494.9360858,,,
C23C1194,49.46381615172836,46.16182319,163.0113184,305.9039462,515.0770878,,,
C23C1195,47.12103818615752,52.15140215,149.8329356,295.3460621,497.3303998,,,
C23C1196,53.10486734049273,75.41835123,150.4456728,315.8559697,541.7199937,,,
C23C1197,51.31078149668456,99.90511525,137.6896116,309.4411115,547.0358383,,,
C23C1198,49.31574534161491,46.575,152.5431677,298.136646,497.2548137,,,
C23C1199,48.053590704647675,83.45172414,126.6038981,293.8530735,503.9086957,,,
C23C1200,50.73375466998755,108.9134496,81.73163138,311.3325031,501.9775841,,,
C23C1201,48.247947907256844,94.18157182,132.2655827,310.1475459,536.5947004,,,
C23C1202,49.37834260117393,51.12650602,137.0021625,299.6601792,487.7888477,,,
C23C1203,36.18449494949495,80.56149733,131.751634,317.8847296,530.197861,,,
C23C1204,52.01620136943666,53.1512605,117.0756303,320.5726735,490.7995643,,,
C23C1205,57.25227733095026,191.2453083,54.31039619,342.5677688,588.1234733,,,
C23C1206,52.079318895166345,59.87146893,152.8123038,276.2084118,488.8921846,,,
C23C1207,47.306535022354694,115.4387481,137.5081967,301.0432191,553.9901639,,,
C23C1208,48.7021669793621,109.0666041,84.31926204,297.0606629,490.4465291,,,
C23C1209,47.48574449076831,138.2979452,60.56879095,303.7522335,502.6189696,,,
C23C1210,50.08725505443235,93.13390358,74.06780715,314.1524106,481.3541213,,,
C23C1211,47.460126225126224,109.7093852,71.9002079,305.9103059,487.519899,,,
C23C1212,50.3270245398773,109.7544479,69.4803681,337.4233129,516.6581288,,,
C23C1213,44.405517695232525,89.2721556,55.40216438,277.8590231,422.5333431,,,
C23C1214,49.52185258964143,58.71238124,82.27520686,309.5311063,450.5186945,,,
C23C1215,46.15005565319274,91.13093146,62.22026948,301.6988869,455.0500879,,,
C23C1216,50.598076923076924,36.68676923,111.6110769,295.3846154,443.6824615,,,
C23C1217,43.7006332260895,100.0489909,81.29628546000001,312.957005,494.3022814,,,
C23C1218,47.67780895430849,48.56025759,106.08249,285.1885925,439.8313401,,,
C23C1219,49.97387240356083,117.6275964,64.23738872,314.5400593,496.4050445,,,
C23C1220,49.24484312519225,41.9603199,97.54167948,282.9898493,422.4918487,,,
C23C1221,47.3137215152412,95.0766499,88.06510802,319.6211897,502.7629476,,,
C23C1222,51.37156114214773,74.68575419,118.5077592,297.9515829,491.1450962,,,
C23C1223,47.75906417112299,99.47192513,69.17557932,314.9138443,483.5613488,,,
C23C1224,50.048028499843404,79.31866583,95.10366427,281.8665832,456.2889132,,,
C23C1225,48.03701541197392,123.1018079,63.7480735,346.7694132,533.6192946,,,
C23C1226,49.77119981030667,50.58836548,124.0746127,294.0246601,468.6876383,,,
C23C1227,48.527353823088454,105.6724138,133.4050975,230.8845577,469.962069,,,
C23C1228,49.956590909090906,148.0951705,120.9782197,277.7777778,546.8511679,,,
C23C1229,45.92389550461447,197.7869902,190.8288181,205.4182792,594.0340875,,,
C23C1230,50.8561646837821,91.54273638,71.67939887,303.6944271,466.9165623,,,
C23C1231,47.07443744506299,121.7861119,65.111046,313.5071784,500.4043364,,,
C23C1232,47.69625116713352,51.44397759,116.4295051,283.2244009,451.0978836,,,
C23C1233,43.41084369449378,68.11145648,133.4588514,322.6761397,524.2464476,,,
C23C1234,44.9336301369863,47.97991905,128.638543,289.5392279,466.1576899,,,
C23C1235,48.19411668158758,76.1038496,126.8185616,319.3076694,522.2300806,,,
C23C1236,52.66403018625562,103.566474,75.477842,314.7077714,493.7520873,,,
C23C1237,45.946255156157925,89.92972893,103.8809664,297.5839717,491.3946671,,,
C23C1238,49.39071155073389,244.1860243,236.7702616,0.0,480.9562859,,,
C23C1239,46.24980165778567,229.8876554,229.6909414,0.0,459.5785968,,,
C23C1240,50.47554462934947,227.6373676,218.0260212,0.0,445.6633888,,,
C23C1241,48.51216727716727,245.385989,210.1111111,0.0,455.4971001,,,
C23C1242,49.91031683765842,217.1501207,224.2308389,0.0,441.3809596,,,
C23C1243,48.44380464689697,245.6345154,202.277591,0.0,447.9121064,,,
C23C1244,47.64439597315436,246.7202563,190.9273948,0.0,437.647651,,,
C23C1245,47.88641811527905,280.9556267,201.704788,0.0,482.6604148,,,
C23C1246,50.24052486187845,302.9392265,213.5184162,0.0,516.4576427,,,
C23C1247,46.42433656467737,302.6928204,166.0896698,0.0,468.7824902,,,
C23C1248,50.323431253785586,331.7830103,181.2165354,0.0,512.9995457,,,
C23C1249,47.04725236208473,254.0339835,254.4455959,0.0,508.4795794,,,
C23C1250,47.51767477203647,202.8159574,226.4319149,0.0,429.2478723,,,
C23C1251,48.45231179518439,226.0217921,239.3508077,0.0,465.3725998,,,
C23C1252,50.83356201318154,171.2494008,169.4823247,0.0,340.7317256,,,
C23C1253,1.235,,,,,,,
C23C1254,22.074902971497878,240.4852941,281.3705276,0.0,521.8558217,,,
C23C1255,52.49534958601655,335.1609936,190.9058571,0.0,526.0668507,,,
C23C1256,49.796064087061666,284.4372733,185.826179,0.0,470.2634522,,,
C23C1257,45.691129807692306,271.5009014,192.0396635,0.0,463.5405649,,,
C23C1258,47.4815919418358,294.2272039,199.6591942,0.0,493.8863981,,,
C23C1259,48.34218635809988,304.8900731,194.8748477,0.0,499.7649208,,,
C23C1260,47.13633982947625,317.4966504,195.4689403,0.0,512.9655907,,,
C23C1261,47.9228210939861,285.3522212,181.4445452,0.0,466.7967664,,,
C23C1262,48.752408416590974,325.1021798,208.3639116,0.0,533.4660914,,,
C23C1263,47.26521148036254,285.7663142,180.4712991,0.0,466.2376133,,,
C23C1264,45.014743746186696,221.6188225,216.5738255,0.0,438.192648,,,
C23C1265,48.360876257238644,245.8953063,254.3544651,0.0,500.2497714,,,
C23C1266,52.401207529843894,234.4986226,227.1910009,0.0,461.6896235,,,
C23C1267,47.668121019108284,207.5650591,205.8871702,0.0,413.4522293,,,
C23C1268,28.05977341389728,218.7883686,220.858006,0.0,439.6463746,,,
C23C1269,47.75038227231191,186.8863844,226.7069753,0.0,413.5933597,,,
C23C1270,67.27945797807553,192.281821,252.9598051,0.0,445.2416261,,,
C23C1271,50.16044521581648,178.7272864,225.4663447,0.0,404.1936312,,,
C23C1272,38.768957138545126,184.3818292,185.16722,0.0,369.5490492,,,
C23C1273,46.3380303030303,330.1963636,178.3439394,0.0,508.540303,,,
C23C1274,55.37576782449726,246.5457038,181.694089,0.0,428.2397928,,,
C23C1275,48.5439802130898,285.8616438,188.651446,0.0,474.5130898,,,
C23C1276,41.06116651418115,263.2163769,190.6800854,0.0,453.8964623,,,
C23C1277,44.81767716535433,310.061175,238.8976378,0.0,548.9588128,,,
C23C1278,51.63535853002689,261.2083956,198.0519869,0.0,459.2603824,,,
C23C1279,48.54689320388349,278.3446602,208.7621359,0.0,487.1067961,,,
C23C1280,47.84964585834334,277.9465786,193.6614646,0.0,471.6080432,,,
C23C1281,42.657948834392975,253.846049,164.7835301,0.0,418.6295792,,,
C23C1282,45.36530303030303,337.8804545,206.4,0.0,544.2804545,,,
C23C1283,47.742743698754936,281.3326754,189.3713939,0.0,470.7040692,,,
C23C1284,46.28489416389477,281.2996674,184.8321742,0.0,466.1318415,,,
C23C1285,44.75504897459443,282.8429752,190.3275176,0.0,473.1704928,,,
C23C1286,46.64288267644363,321.5678277,202.5297892,0.0,524.0976169,,,
C23C1287,47.466288523627824,276.8708541,192.0393308,0.0,468.9101849,,,
C23C1288,47.22412715191785,283.7731803,190.6976744,0.0,474.4708547,,,
C23C1289,49.412429088714546,266.3391672,227.7957151,0.0,494.1348823,,,
C23C1290,48.80003327283726,276.657441,133.8914096,0.0,410.5488506,,,
C23C1291,49.00975845410628,337.0625,118.8804348,0.0,455.9429348,,,
C23C1292,47.21920590816028,284.1936239,157.4744077,0.0,441.6680316,,,
C23C1293,49.38949353772167,300.1717764,193.8443042,0.0,494.0160806,,,
C23C1294,50.9734066587396,297.5471165,188.3353151,0.0,485.8824316,,,
C23C1295,48.80992354740061,296.2568807,194.470948,0.0,490.7278287,,,
C23C1296,45.735,302.2827273,190.0727273,0.0,492.3554545,,,
C23C1297,47.713787878787876,266.0890909,186.4484848,0.0,452.5375758,,,
C23C1298,50.041060606060604,312.6013636,196.4242424,0.0,509.0256061,,,
C23C1299,46.60390243902439,268.6897866,176.0487805,0.0,444.7385671,,,
C23C1300,47.207727272727276,315.3927273,207.9878788,0.0,523.3806061,,,
C23C1301,49.99257575757576,285.0640909,183.7575758,0.0,468.8216667,,,
C23C1302,46.216818181818184,304.3527273,193.6727273,0.0,498.0254545,,,
C23C1303,45.49560606060606,279.1677273,182.2181818,0.0,461.3859091,,,
C23C1304,47.253181818181815,276.345,204.3393939,0.0,480.6843939,,,
C23C1305,49.65653284671533,273.7020985,150.5596107,0.0,424.2617092,,,
C23C1306,45.83024526030695,275.833885,208.9437255,0.0,484.7776106,,,
C23C1307,46.67914333032219,330.102981,198.9039446,0.0,529.0069256,,,
C23C1308,49.09300970873786,285.8182646,193.9927184,0.0,479.810983,,,
C23C1309,49.83652671755725,310.1839695,203.7129771,0.0,513.8969466,,,
C23C1310,47.55538542607648,242.0921409,182.2704005,0.0,424.3625414,,,
C23C1311,44.00451108411782,287.8073186,211.4910416,0.0,499.2983602,,,
C23C1312,44.7580352303523,263.4092141,187.8349895,0.0,451.2442036,,,
C23C1313,49.59709506509234,292.2942779,214.9561005,0.0,507.2503784,,,
C23C1314,51.65637404580153,256.3007634,207.8668702,0.0,464.1676336,,,
C23C1315,47.072887067395264,239.8661202,214.1857923,0.0,454.0519126,,,
C23C1316,50.33709102091021,284.6568266,207.7862854,0.0,492.4431119,,,
C23C1317,50.37682475158085,266.0582656,200.4444444,0.0,466.50271,,,
C23C1318,42.811687116564414,225.1283742,209.9929448,0.0,435.121319,,,
C23C1319,46.59278713168971,326.712718,234.3262177,0.0,561.0389357,,,
C23C1320,54.28808376802701,247.5552317,196.3068426,0.0,443.8620743,,,
C23C1321,48.08802073940487,263.4941389,193.403667,0.0,456.8978058,,,
C23C1322,45.67483402489627,224.3624778,194.0755779,0.0,418.4380557,,,
C23C1323,48.71914376321352,243.2922078,197.3101782,0.0,440.602386,,,
C23C1324,48.37396457765667,217.7166213,203.4235543,0.0,421.1401756,,,
C23C1325,45.34574330424315,213.1358712,212.4769786,0.0,425.6128498,,,
C23C1326,45.813963140545404,233.2394366,209.7057237,0.0,442.9451603,,,
C23C1327,44.86364077669903,238.8727245,197.9469053,0.0,436.8196299,,,
C23C1328,46.83886473429952,250.40625,223.3831522,0.0,473.7894022,,,
C23C1329,49.02372805666769,238.3655682,206.4016015,0.0,444.7671697,,,
C23C1330,42.437801461632155,213.8705847,212.316078,0.0,426.1866626,,,
C23C1331,48.6317574181707,309.3285408,236.3551545,0.0,545.6836953,,,
C23C1332,46.416901559156216,45.24763069,184.1638643,0.0,229.411495,,,
C23C1333,44.52296783173523,478.3153418,235.1500155,0.0,713.4653573,,,
C23C1334,46.60338887190461,265.1258025,183.3154998,0.0,448.4413024,,,
C23C1335,48.26653426318981,350.4501213,214.4936325,0.0,564.9437538,,,
C23C1336,51.873098217078514,246.4316547,197.9355646,0.0,444.3672193,,,
C23C1337,48.80054307116105,316.25,209.5755306,0.0,525.8255306,,,
C23C1338,51.30676287051482,273.4918877,205.3541342,0.0,478.8460218,,,
C23C1339,52.78748271527341,309.7193589,221.8730358,0.0,531.5923947,,,
C23C1340,51.66534055727554,253.526935,206.4396285,0.0,459.9665635,,,
C23C1341,45.614105411323116,244.4892086,196.1714107,0.0,440.6606193,,,
C23C1342,45.37763565891473,289.832093,230.1643411,0.0,519.9964341,,,
C23C1343,50.31197121401752,288.7701815,205.5444305,0.0,494.314612,,,
C23C1344,59.15545098653304,276.9184153,205.7375509,0.0,482.6559662,,,
C23C1345,50.001996291718164,312.9627627,219.2459827,0.0,532.2087454,,,
C23C1346,40.44869102682701,267.8297872,207.7582485,0.0,475.5880358,,,
C23C1347,48.42716417910447,366.4337687,142.3631841,0.0,508.7969527,,,
C23C1348,48.382306135160384,279.7819994,212.7436936,0.0,492.5256929,,,
C23C1349,48.22011166253102,280.8047457,205.5210918,0.0,486.3258375,,,
C23C1350,48.72967923380967,279.7552448,198.0662815,0.0,477.8215263,,,
C23C1351,52.301874027993776,267.3615863,218.0777605,0.0,485.4393468,,,
C23C1352,49.75765673494724,252.3896648,203.5878336,0.0,455.9774984,,,
C23C1353,53.27594897627559,251.7367566,234.0201495,0.0,485.7569061,,,
C23C1354,52.52351540616246,285.6960784,124.8502957,0.0,410.5463741,,,
C23C1355,48.7029186228482,288.6014085,210.428795,0.0,499.0302034,,,
C23C1356,45.956444133208834,242.3053221,213.1714908,0.0,455.4768129,,,
C23C1357,46.901873449131514,260.6761787,211.7741935,0.0,472.4503722,,,
C23C1358,48.476060419235516,328.5263564,112.5770654,0.0,441.1034217,,,
C23C1359,52.00787066246057,325.9760252,203.3817035,0.0,529.3577287,,,
C23C1360,48.509447949526816,217.6438486,219.4195584,0.0,437.0634069,,,
C23C1361,45.92327160493827,275.7763889,208.5061728,0.0,484.2825617,,,
C23C1362,52.05566869300912,278.5691489,204.8024316,0.0,483.3715805,,,
C23C1363,52.32932799013564,277.3506473,203.6991369,0.0,481.0497842,,,
C23C1364,48.509961597542244,250.8801843,208.5284178,0.0,459.4086022,,,
C23C1365,49.09473397823458,224.9904776,215.9250302,0.0,440.9155079,,,
C23C1366,54.14153008962869,366.2919334,126.3597951,0.0,492.6517286,,,
C23C1367,49.45214990746453,212.7145281,222.1233806,0.0,434.8379087,,,
C23C1368,47.675361258175016,240.683432,228.5892245,0.0,469.2726565,,,
C23C1369,50.53496832435857,269.2573646,193.0820399,0.0,462.3394045,,,
C23C1370,49.61465887555274,265.1574542008844,204.1187618,0.0,469.276216,,,
C23C1371,50.55814410480349,266.1105739238927,221.77167810355581,0.0,487.8822520274485,,,
C23C1372,51.6284829388257,267.2291730710114,206.07439286812172,0.0,473.30356593913314,,,
C23C1373,49.66929636533085,250.37418452935694,213.07238272755515,0.0,463.4465672569121,,,
C23C1374,49.90024129505193,252.26939523518632,211.66768478924865,0.0,463.937080024435,,,
C23C1375,50.91201863354037,265.27500000000003,204.27329192546583,0.0,469.54829192546583,,,
C23C1376,50.54059899906162,323.80575539568343,215.40193931811075,0.0,539.2076947137941,,,
C23C1377,46.94665078389179,271.61988933292344,203.16015985244388,0.0,474.7800491853673,,,
C23C1378,45.10223507917174,281.6624543239951,204.1412911084044,0.0,485.8037454323995,,,
C23C1379,46.64407687557888,295.2577956159309,211.99135535659155,0.0,507.24915097252244,,,
C23C1380,46.00738007943782,268.3790100824931,172.42896425297891,0.0,440.807974335472,,,
C23C1381,50.293935361216725,283.6411596958175,241.58428390367553,0.0,525.225443599493,,,
C23C1382,51.02516598809896,267.68023802067023,204.3219542749765,0.0,472.00219229564675,,,
C23C1383,49.953110236220475,289.63700787401575,224.1376377952756,0.0,513.7746456692913,,,
C23C1384,47.898533834586466,249.24953007518798,205.80921052631575,0.0,455.0587406015037,,,
C23C1385,52.06330847350047,285.43795620437953,219.27134243097427,0.0,504.7092986353538,,,
C23C1386,51.099267676767674,219.54545454545453,202.3125,0.0,421.8579545454545,,,
C23C1387,48.24211853915196,323.63370473537606,227.23614979882387,0.0,550.8698545341999,,,
C23C1388,49.46017355870812,267.79414428010864,158.09538182915784,0.0,425.8895261092665,,,
C23C1389,49.889500463965355,276.4055057222394,218.54624188060623,0.0,494.95174760284567,,,
C23C1390,50.58174922600619,310.53204334365324,205.9030959752322,0.0,516.4351393188854,,,
C23C1391,51.783895899053626,266.2268138801262,199.33059936908515,0.0,465.5574132492113,,,
C23C1392,50.82081738311892,242.00878569187324,206.1236272356448,0.0,448.13241292751803,,,
C23C1393,46.54003144654088,247.32594339622645,196.41509433962264,0.0,443.7410377358491,,,
C23C1394,47.4237026691496,284.7695530726257,220.48417132216017,0.0,505.2537243947859,,,
C23C1395,49.418807439824946,238.57736792747738,211.31603626133167,0.0,449.8934041888091,,,
C24C1001,49.810445173383314,284.956419868791,209.9343955014058,0.0,494.8908153701968,,,
C24C1002,49.952706364209206,345.22826086956525,205.9987397605545,0.0,551.2270006301197,,,
C24C1003,49.1643087269315,319.1762589928058,153.59680950891462,0.0,472.77306850172045,,,
C24C1004,51.9440851535296,308.5997150997151,194.93510604621716,0.0,503.53482114593226,,,
C24C1005,53.097527716186256,293.58330693696547,212.75894836870447,0.0,506.34225530566994,,,
C24C1006,48.60408517350157,271.45078864353314,203.07287066246053,0.0,474.52365930599365,,,
C24C1007,50.562965314338804,299.3454629916383,199.32393930009292,0.0,498.6694022917312,,,
C24C1008,49.66357142857143,284.97,213.60857142857142,0.0,498.5785714285714,,,
C24C1009,49.43988423723438,276.32825880114177,203.44814462416744,0.0,479.77640342530924,,,
C24C1010,47.30153049314269,320.73825503355704,108.54449956229938,0.0,429.28275459585643,,,
C24C1011,47.146930043722676,319.87382885696445,146.76514678326046,0.0,466.6389756402249,,,
C24C1012,48.0023343605547,375.34298921417565,146.21879815100155,0.0,521.5617873651772,,,
C24C1013,51.70433667083854,259.3976846057572,228.06758448060077,0.0,487.465269086358,,,
C24C1014,49.86881160324391,280.4766063630692,210.9419837804117,0.0,491.4185901434809,,,
C24C1015,49.60011409815568,314.2530478274461,207.52047514848394,0.0,521.7735229759301,,,
C24C1016,51.03027559055118,312.78188976377953,208.59779527559056,0.0,521.3796850393701,,,
C24C1017,49.768045089561454,287.8693638048178,200.0105003088326,0.0,487.8798641136504,,,
C24C1018,50.19430413171793,325.9333643988817,207.04287045666354,0.0,532.9762348555453,,,
C24C1019,48.8602319109462,251.99721706864568,195.65120593692023,0.0,447.6484230055659,,,
C24C1020,48.17117021276596,321.6050151975684,203.28601823708203,0.0,524.8910334346504,,,
C24C1021,41.71576923076923,241.8959367245658,195.58064516129033,0.0,437.47658188585615,,,
C24C1022,49.908946957878314,422.94524180967244,265.09048361934475,0.0,688.0357254290172,,,
C24C1023,50.52985179407176,198.89438377535103,150.90171606864274,0.0,349.7960998439938,,,
C24C1024,50.143748824082785,389.59360301034815,251.52712449043588,0.0,641.120727500784,,,
C24C1025,59.49099501712862,316.9143568981625,198.49268140766114,0.0,515.4070383058237,,,
C24C1026,47.17268905021173,287.23911070780395,199.0967937084089,0.0,486.3359044162129,,,
C24C1027,46.47323884197829,266.6779252110977,209.2533172496984,0.0,475.9312424607961,,,
C24C1028,47.9036985675099,293.5917403230722,201.80432794879607,0.0,495.3960682718683,,,
C24C1029,47.79079074690051,259.3602963410946,188.85999395222257,0.0,448.2202902933172,,,
C24C1030,46.02731246125232,306.1367017978921,178.28890266584003,0.0,484.42560446373216,,,
C24C1031,47.2864888337469,319.3925248138958,147.5313275434243,0.0,466.92385235732013,,,
C24C1032,51.475815066378516,232.30781105279408,206.12534732942268,0.0,438.4331583822168,,,
C24C1033,51.95504965859715,259.0391061452514,200.8261949099938,0.0,459.86530105524525,,,
C24C1034,49.11275364567173,241.77831213155446,200.65777226186782,0.0,442.4360843934223,,,
C24C1035,47.7297172156619,252.47824735860783,203.60472343070228,0.0,456.08297078931014,,,
C24C1036,46.283455481526346,241.13431253785586,200.13325257419746,0.0,441.2675651120533,,,
C24C1037,47.72870125974805,264.3689262147571,202.25554889022197,0.0,466.62447510497907,,,
C24C1038,49.089745193774796,189.7236801953006,274.3033262129997,0.0,464.0270064083003,,,
C24C1039,45.647756823060405,263.2410303587857,164.7249310027599,0.0,427.96596136154557,,,
C24C1040,48.4683942717855,321.97897623400365,204.63711151736746,0.0,526.6160877513711,,,
C24C1041,49.63438556067588,300.57926267281107,185.46267281105992,0.0,486.041935483871,,,
C24C1042,50.577269326683286,361.4434226932668,214.00249376558602,0.0,575.4459164588528,,,
C24C1043,50.34280669144981,293.3461895910781,177.43494423791822,0.0,470.7811338289963,,,
C24C1044,52.538805364940735,345.85012476606363,229.10792264504053,0.0,574.9580474111042,,,
C24C1045,52.8601968503937,277.5103937007874,198.23622047244095,0.0,475.74661417322835,,,
C24C1046,50.5927694235589,328.49577067669173,224.53634085213034,0.0,553.032111528822,,,
C24C1047,52.848914133500465,286.56298965841427,199.99999999999997,0.0,486.56298965841427,,,
C24C1048,52.499946507237254,314.44068596601636,209.65387035871618,0.0,524.0945563247326,,,
C24C1049,48.638876707975854,299.21925643469973,205.5544963457261,0.0,504.77375278042587,,,
C24C1050,50.31068438003221,340.26666666666665,220.09275362318837,0.0,560.359420289855,,,
C24C1051,48.83550251256282,285.11259422110555,201.26884422110555,0.0,486.3814384422111,,,
C24C1052,47.23929316160687,331.70147194112235,206.20668506593069,0.0,537.908157007053,,,
C24C1053,46.90576923076923,268.9089230769231,172.91076923076923,0.0,441.8196923076923,,,
C24C1054,47.731776174393616,364.83988332821616,212.26895916487567,0.0,577.1088424930919,,,
C24C1055,48.54843283582089,264.5107276119403,184.4278606965174,0.0,448.9385883084577,,,
C24C1056,48.937828722412185,318.1249611439229,212.86913273235936,0.0,530.9940938762822,,,
C24C1057,47.45046103694504,250.44365104004967,180.04346476249611,0.0,430.48711580254576,,,
C24C1058,46.62487263125195,360.01537744641195,210.5622864243554,0.0,570.5776638707673,,,
C24C1059,47.475,271.9024615384615,179.08923076923077,0.0,450.9916923076923,,,
C24C1060,49.016966698083564,360.9655984919887,224.53031731071314,0.0,585.4959158027018,,,
C24C1061,50.11057603686636,284.4898617511521,176.2457757296467,0.0,460.7356374807988,,,
C24C1062,49.057180916976456,300.65659851301115,207.89343246592315,0.0,508.5500309789343,,,
C24C1063,39.66417675544795,239.703995157385,171.6585956416465,0.0,411.3625907990315,,,
C24C1064,53.70628221049363,391.4105867742937,189.3685190934492,0.0,580.7791058677428,,,
C24C1065,62.58157151721998,235.48417623332298,183.5665529010239,0.0,419.05072913434685,,,
C24C1066,53.40291979949875,290.7857142857143,221.3176691729323,0.0,512.1033834586466,,,
C24C1067,55.76470297029703,272.07178217821786,209.39356435643566,0.0,481.4653465346535,,,
C24C1068,51.94818782662158,265.224715647095,214.49738702735937,0.0,479.7221026744544,,,
C24C1069,50.889853620955314,251.9084745762712,214.52080123266563,0.0,466.42927580893684,,,
C24C1070,55.42964120726825,296.6978749615029,228.86356636895596,0.0,525.5614413304588,,,
C24C1071,55.857848200312986,325.2718309859155,212.5696400625978,0.0,537.8414710485133,,,
C24C1072,49.84628928800513,308.0104233483002,195.79217447081462,0.0,503.8025978191148,,,
C24C1073,47.73360810392824,316.5185586142901,226.71203216826476,0.0,543.2305907825548,,,
C24C1074,51.09107196401799,272.20344827586206,213.75712143928035,0.0,485.9605697151424,,,
C24C1075,40.09098503740648,241.00529925187033,226.59600997506234,0.0,467.6013092269327,,,
C24C1076,53.98618858954041,452.9068145800317,320.7765451664025,0.0,773.6833597464342,,,
C24C1077,59.69339874411303,218.8935635792779,173.79623233908947,0.0,392.6897959183674,,,
C24C1078,53.322946852261936,331.91379310344826,309.81841189496987,0.0,641.7322049984182,,,
C24C1079,55.76867056591843,190.80256085994307,254.00695542206768,0.0,444.80951628201075,,,
C24C1080,53.20517766497462,243.31694162436548,263.99238578680206,0.0,507.30932741116754,,,
C24C1081,55.55668712621971,148.9461756373938,186.85867170286434,173.1192949323261,508.9241422725842,,,
C24C1082,50.47843146565369,99.20797720797721,83.44191199746756,354.54257676479904,537.1924659702438,,,
C24C1083,54.71147616040417,69.67540258920114,122.33343858541207,334.70161035680457,526.7104515314178,,,
C24C1084,55.02603535353535,106.63636363636364,98.84848484848484,340.9090909090909,546.3939393939394,,,
C24C1085,52.05980620155039,66.0153488372093,126.20837209302327,322.48062015503876,514.7043410852714,,,
C24C1086,53.32794973126778,97.41368953525134,133.44925703446094,344.60954789756556,575.4724944672778,,,
C24C1087,45.770637149028076,28.74112928108608,126.12958963282937,280.7775377969762,435.6482567108917,,,
C24C1088,49.393810503005376,96.72223979753242,136.044922492882,351.1546978804176,583.921860170832,,,
C24C1089,51.91482456140351,60.37500000000001,127.90789473684212,275.68922305764414,463.9721177944863,,,
C24C1090,47.71131000941324,102.9803890806401,126.89614057106999,323.18795105114526,553.0644807028553,,,
C24C1091,53.16278649921507,60.930141287284144,144.14505494505497,317.11145996860284,522.186656200942,,,
C24C1092,52.37776768941766,64.74420788979336,111.66687539135881,331.8722604884158,508.283343769568,,,
C24C1093,50.42950515142054,57.90571339369341,116.40149859506712,309.0852325944427,483.3924445832032,,,
C24C1094,52.26752289232712,90.91790337859173,77.11714556362489,309.4411114619514,477.476160404168,,,
C24C1095,51.86565875741492,89.66984077427412,92.79862628785514,343.4280362160474,525.8965032781766,,,
C24C1096,50.1391095890411,94.92870485678706,130.21824408468245,292.6525529265255,517.7995018679951,,,
C24C1097,50.27133004926108,62.042641625615765,157.24137931034483,301.7241379310345,521.008158866995,,,
C24C1098,49.640572755417956,103.75634674922601,124.72569659442725,309.59752321981426,538.0795665634676,,,
C24C1099,50.30231059462722,94.19031089646846,118.83730757621491,277.6939329912466,490.7215514639299,,,
C24C1100,48.20213615023474,80.98591549295774,127.34460093896713,309.85915492957747,518.1896713615024,,,
C24C1101,49.79482505467041,73.52671040299906,130.74632927210246,293.65823180256166,497.9312714776632,,,
C24C1102,48.96932650527623,80.981843575419,106.21570453134699,313.46989447548106,500.6674425822471,,,
C24C1103,50.60244186046511,71.82418604651163,124.18976744186048,288.3720930232558,484.3860465116279,,,
C24C1104,48.10537037037037,90.72222222222223,126.47962962962963,290.12345679012344,507.3253086419753,,,
C24C1105,50.31398844832969,102.20746175460505,149.22260380892914,296.5969403684046,548.0270059319388,,,
C24C1106,52.396330822347764,140.89124293785312,138.7608286252354,320.15065913370995,599.8027306967984,,,
C24C1107,49.98232006125574,100.71041347626341,116.51944869831546,278.7136294027565,495.9434915773354,,,
C24C1108,22.176467946732735,72.9211830288015,207.90585320532676,306.59646949519976,587.4235057293281,,,
C24C1109,47.604307548346846,154.37835308796008,62.31877729257642,299.43855271366186,516.1356830941984,,,
C23N177,151.52369526094782,,,,560.966601079854,,,
C23N178,140.96349491322562,,,,524.7304057449584,,,
C23N179,135.60542168674698,,,,498.3064391567317,,,
C23N180,135.19819819819818,,,,496.81002342335347,,,
C23N181,122.53740275283867,,,,491.26295352090386,,,
C23N182,125.54261189455133,,,,503.3110946248555,,,
C23N183,123.34939759035748,,,,494.5183104418255,,,
C23N184,110.16877637130801,,,,395.367,,,
C23N185,110.30175015087508,,,,395.84420820760414,,,
C23N186,128.49939975990398,,,,521.6951476589937,,,
C23N187,122.46290801186943,,,,363.31791454012847,,,
C23N188,122.41091427407648,,,,402.8472351862809,,,
C23N189,122.71075729741192,,,,403.8340012248823,,,
C23N190,121.88969991889488,,,,401.13194890507407,,,
C23N191,144.59558823529412,,,,416.73280392146165,,,
C23N192,134.8036253776435,,,,474.65732084588626,,,
C23N193,137.8623629719854,,,,454.29782338622084,,,
C23N194,147.31453096259963,,,,443.84957081545065,,,
C23N195,131.32102564102206,,,,495.41016000015065,,,
C23N196,130.27879527880233,,,,491.47833333307,,,
C23N197,129.3313131313096,,,,487.90394545469377,,,
C23N198,151.3870381586917,,,,482.10686008469133,,,
C23N199,196.82616596002424,,,,429.26527559062174,,,
C23N200,93.3028083028083,,,,487.60353113556664,,,
C23N201,137.89699570815452,,,,507.89195462902626,,,
C23N202,112.53187613843471,,,,382.67240113346355,,,
C23N203,113.70552147239023,,,,386.6634629855395,,,
C23N206,173.41584158415841,,,,785.0835516264266,,,
C23N207,116.10752688172043,,,,402.88461397861977,,,
C23N208,139.0041249263406,,,,531.0140989981636,,,
C23N209,137.75,,,,546.6850402439379,,,
C23N210,123.23015873015505,,,,509.00031626971867,,,
C23N211,123.9680638722629,,,,512.0482223555709,,,
C23N212,123.93812375249131,,,,512.0482223551661,,,
C23N213,145.7222566646001,,,,457.81607439553625,,,
C23N214,130.52662037037035,,,,450.88803356478115,,,
C23N215,125.92238805970149,,,,464.2305970148559,,,
C23N216,133.04921968787517,,,,456.19483073236285,,,
C23N217,129.61841308298258,,,,472.9952259236402,,,
C23N222,142.7801332525742,,,,547.2077153239051,,,
C23N223,131.2829736211031,,,,469.1210467626248,,,
C23N224,146.945107398568,,,,482.92718973750493,,,
C23N230,142.55522388059703,,,,531.1702543282539,,,
C23N231,130.16206482593037,,,,457.9917118848937,,,
C23N232,131.14928909952604,,,,427.0243542652649,,,
C23N233,116.83976261127596,,,,440.41462551935695,,,
C23N234,117.7482057416268,,,,443.8389019139453,,,
C23N235,115.17220902612826,,,,428.9827529689829,,,
C23N242,113.8344491783323,,,,465.27181984175286,,,
C23N243,108.04123711340206,,,,516.9303784111582,,,
C23N244,113.51529694061189,,,,390.65182243551294,,,
C23N245,136.6867469879518,,,,485.41947228915666,,,
C23N246,135.77804583835945,,,,493.21474065138716,,,
C23N247,121.68761220825853,,,,509.92808976660683,,,
C23N248,112.47150569886024,,,,453.99174085182966,,,
C23N249,117.22653915122534,,,,447.9544865511058,,,
C23N250,95.57957957957957,,,,496.1086822822823,,,
C23N251,130.4394942805539,,,,455.77016977724264,,,
C23N252,63.21471291866029,,,,254.0783791866029,,,
C23N253,195.05444646098002,,,,707.8608203266788,,,
C23N254,135.9876923076923,,,,534.7741181538461,,,
C23N255,128.80766926303176,,,,561.6596333133613,,,
C23N256,70.20310633213859,,,,295.62575388291515,,,
C23N257,66.95626123427202,,,,477.60770641102454,,,
C23N258,133.83222691611346,,,,486.71730356065177,,,
C23N259,117.93165467625899,,,,513.2398129496403,,,
C23N260,138.87254901960785,,,,530.9164963235295,,,
C23N261,130.35066505441353,,,,506.9150713422007,,,
C23N262,135.12727272727273,,,,507.70183272727274,,,
C23N263,108.25903614457832,,,,466.5790409638554,,,
C23N264,121.98924731182795,,,,467.57237275985665,,,
C23N265,122.37206502107165,,,,459.42438892233594,,,
C23N266,126.40963855421687,,,,469.8306036144578,,,
C23N267,142.10430563978167,,,,526.018013341419,,,
C23N268,127.2295673076923,,,,456.02643389423076,,,
C23N269,108.72378669862192,,,,433.5817459556621,,,
C23N270,116.02102102102103,,,,464.30619639639633,,,
C23N271,116.5108564535585,,,,466.2664758745476,,,
C23N272,109.22661870503596,,,,445.88684892086326,,,
C23N273,104.2102102102102,,,,441.1358558558559,,,
C23N274,123.23389021479714,,,,521.3988794749403,,,
C23N275,116.11743559017376,,,,409.7732210904733,,,
C23N276,116.60649819494586,,,,411.49910108303254,,,
C23N277,115.33852606351108,,,,439.40975913720786,,,
C23N278,97.05847255369929,,,,444.74736157517896,,,
C23N279,117.25478468899523,,,,458.55031220095697,,,
C23N280,110.48444976076556,,,,466.93461064593293,,,
C23N281,110.81583683263348,,,,468.33513437312536,,,
C23N282,108.80290205562272,,,,470.5305417170496,,,
C23N283,128.2089552238806,,,,457.41146149253734,,,
C23N284,124.97223935842074,,,,465.94511659469464,,,
C23N285,121.53471376370281,,,,451.24142630937877,,,
C23N286,110.76506024096386,,,,436.7045313253012,,,
C23N287,125.87951807228916,,,,453.12236385542167,,,
C23N288,104.84045755568934,,,,439.01100662251656,,,
C23N289,117.22658610271904,,,,532.8078187311178,,,
C23N290,106.73432835820896,,,,424.79990208955223,,,
C23N291,95.01216545012166,,,,408.2434866180049,,,
C23N292,111.15933412604043,,,,441.07020689655167,,,
C23N293,126.1731343283582,,,,482.1343665671642,,,
C23N294,106.52252252252252,,,,436.609193993994,,,
C23N295,112.36286919831224,,,,446.3793670886075,,,
C23N296,13.18429003021148,,,,469.56784531722053,,,
C23N297,218.8188976377953,,,,462.93584009691097,,,
C23N298,132.45793269230768,,,,533.0462596153845,,,
C23N299,107.9485609308022,,,,442.83289650949166,,,
C23N300,129.725442342892,,,,507.9424148871263,,,
C23N301,118.32112332112331,,,,444.0841575091574,,,
C23N302,124.50920245398773,,,,499.01807730061347,,,
C23N303,111.11245465538089,,,,453.5068561064087,,,
C23N304,121.59663865546219,,,,442.96165186074427,,,
C23N305,106.17224880382776,,,,477.26915550239244,,,
C23N306,121.71686746987952,,,,509.214265060241,,,
C23N307,117.01882210078932,,,,444.3372349726776,,,
C23N308,121.29574085182965,,,,475.0134253149371,,,
C23N309,115.15024038461539,,,,460.16242187499995,,,
C23N310,123.11899038461539,,,,471.83550480769225,,,
C23N311,114.6566265060241,,,,465.5867301204819,,,
C23N312,113.76498800959232,,,,481.78552877697837,,,
C23N313,124.53285111512959,,,,539.1438758288125,,,
C23N314,152.82190132370638,,,,609.2307858002407,,,
C23N315,60.13253012048193,,,,221.169156626506,,,
C23N316,115.88835534213686,,,,473.38491596638664,,,
C23N317,112.51199040767385,,,,475.61680815347717,,,
C23N318,67.36904761904762,,,,455.2680345238095,,,
C23N319,167.5644871025795,,,,459.7442327534493,,,
C23N320,105.46163069544363,,,,461.7611450839328,,,
C23N321,137.14457108578284,,,,387.1794229154169,,,
C23N322,121.22400475341651,,,,567.6189756387403,,,
C23N323,147.4311377245509,,,,465.173302994012,,,
C23N324,125.58208955223881,,,,449.3432274626865,,,
C23N325,136.18962432915922,,,,450.0141610017889,,,
C23N326,133.77459749552773,,,,455.49760644007154,,,
C23N327,112.07287933094385,,,,454.8940931899641,,,
C23N328,128.403205918619,,,,518.2210086313194,,,
C23N329,139.24737816162863,,,,438.2061739666873,,,
C23N330,146.95278969957081,,,,501.8609981606377,,,
C23N331,152.80926264472882,,,,489.54576599634373,,,
C23N332,134.3428225317989,,,,465.6125814657783,,,
C23N333,129.86754966887418,,,,472.2037387116195,,,
C23N334,121.32256134051467,,,,443.39931538001196,,,
C23N335,110.71386079714456,,,,463.880748364069,,,
C23N336,137.49852158486104,,,,476.53738261383796,,,
C23N337,116.331569664903,,,,422.15317930629044,,,
C23N338,118.86031560490942,,,,460.5789468147282,,,
C23N339,122.44625217896572,,,,492.43353980244046,,,
C23N340,119.48584633160023,,,,454.77982322357025,,,
C23N341,82.14819069500288,,,,423.6722802986789,,,
C23N342,81.67904054825814,,,,421.25267846944604,,,
C23N343,104.5673076923077,,,,484.7664771634615,,,
C23N344,111.8176400476758,,,,422.4585673420738,,,
C23N345,228.28059701492538,,,,408.14035701492537,,,
C23N346,142.9030303030303,,,,452.6111818181818,,,
C23N347,151.836485661989,,,,481.4091848688224,,,
C23N348,120.61735941320293,,,,452.24821026894864,,,
C23N349,119.78048780487805,,,,451.1451658536585,,,
C23N350,120.73126142595979,,,,451.02056550883606,,,
C23N351,144.61261261261262,,,,490.75897417417417,,,
C23N352,134.23946243127673,,,,485.4612803909591,,,
C23N353,168.12879708383963,,,,489.20191373025517,,,
C23N354,147.35632183908044,,,,442.6104004839685,,,
C23N355,139.50572634116938,,,,438.82075226039785,,,
C23N356,144.11976047904193,,,,449.8852491017964,,,
C23N357,155.19496100779844,,,,464.8763467306539,,,
C23N358,99.13467397928093,,,,366.0393772090189,,,
C23N359,146.57368101879928,,,,427.98138508186776,,,
C23N360,136.6322188449848,,,,464.37571063829785,,,
C23N361,131.3451004260499,,,,477.96686305538645,,,
C23N362,140.13268998793725,,,,492.37647768395647,,,
C23N363,137.78588807785889,,,,513.7943418491484,,,
C23N364,118.53155339805825,,,,507.72360436893206,,,
C23N365,116.23049219687876,,,,398.7924357743097,,,
C23N366,132.46542393265182,,,,437.49881900180395,,,
C23N367,163.29921733895245,,,,514.6925815773631,,,
C23N368,175.33007334963327,,,,490.23488141809287,,,
C23N369,129.3065693430657,,,,470.8455948905109,,,
C23N370,136.56288156288156,,,,483.1347887667887,,,
C23N371,146.4769975786925,,,,509.72236561743347,,,
C23N372,139.55864570737606,,,,463.63762877871824,,,
C23N373,163.63030303030303,,,,526.8969721212121,,,
C23N374,175.27305825242718,,,,497.1674696601941,,,
C23N375,154.82196741098372,,,,496.8331961375982,,,
C23N376,153.47879532882607,,,,484.259594345421,,,
C23N377,161.11990261716372,,,,507.15866707242844,,,
